{
    "appid": "1551360",
    "type": "Game",
    "name": "Forza Horizon 5",
    "schinese_name": "极限竞速：地平线 5",
    "isfreeapp": "0",
    "change_number": "27730526",
    "update_time": "2025-03-01 14:33:24",
    "depot": {
        "228988": {
            "config": {
                "oslist": "windows"
            },
            "depotfromapp": "228980",
            "sharedinstall": "1"
        },
        "228990": {
            "config": {
                "oslist": "windows"
            },
            "depotfromapp": "228980",
            "sharedinstall": "1"
        },
        "1551361": {
            "manifests": {
                "public": {
                    "gid": "505991857863566386",
                    "size": "158381292019",
                    "download": "147547281392"
                }
            },
            "decryptionkey": "13b42353469d4bb26905e2c12e73d4cd63ad89c21f438b3cf5b4b9a9bb659227"
        },
        "1613280": {
            "dlcappid": "1613280",
            "manifests": {
                "public": {
                    "gid": "1076978755699820847",
                    "size": "11498087812",
                    "download": "10380391104"
                }
            },
            "decryptionkey": "1cc274dec87bdc5651311f72c4c162f4067eafba2d8fb98cac6e3be307f5948a"
        },
        "1613281": {
            "dlcappid": "1613281",
            "manifests": {
                "public": {
                    "gid": "8702078743692499086",
                    "size": "19004582813",
                    "download": "16021991408"
                }
            },
            "decryptionkey": "d371f628205489a48d2888a29f596b335963d189f3e822ec32978292e989483a"
        },
        "hasdepotsindlc": "0",
        "branches": {
            "public": {
                "buildid": "17304530",
                "timeupdated": "1739382927"
            }
        },
        "privatebranches": "1"
    }
}