{
    "appid": "1971870",
    "type": "Game",
    "name": "Mortal Kombat 1",
    "schinese_name": "真人快打 1 ",
    "isfreeapp": "0",
    "change_number": "27728852",
    "update_time": "2025-03-01 10:20:37",
    "depot": {
        "baselanguages": "english,german,french,italian,koreana,spanish,schinese,tchinese,russian,polish,arabic,brazilian,latam",
        "228989": {
            "config": {
                "oslist": "windows"
            },
            "depotfromapp": "228980",
            "sharedinstall": "1"
        },
        "228990": {
            "config": {
                "oslist": "windows"
            },
            "depotfromapp": "228980",
            "sharedinstall": "1"
        },
        "1971874": {
            "config": {
                "oslist": "windows"
            },
            "manifests": {
                "public": {
                    "gid": "5424370179668824360",
                    "size": "110534735537",
                    "download": "94368767008"
                }
            },
            "decryptionkey": "d7c65f47842d7fe05e6489fd6f86355ebfb7a3f1261c503cdbeebaba66849d82"
        },
        "1971875": {
            "config": {
                "oslist": "windows"
            },
            "manifests": {
                "public": {
                    "gid": "4110867975535052553",
                    "size": "26838105520",
                    "download": "24996332768"
                }
            },
            "decryptionkey": "020f4d21f49e187c5ee0dc181a3d10cdc166bc935868f83e5add726947973b51"
        },
        "1971872": {
            "config": {
                "oslist": "windows"
            },
            "manifests": {
                "public": {
                    "gid": "8481204586812521496",
                    "size": "627937880",
                    "download": "341699120"
                }
            },
            "decryptionkey": "2fb68660ef98508853b7901a8c4758d2811c558bc23eb52105126af40209be9c"
        },
        "1971873": {
            "config": {
                "oslist": "windows"
            },
            "manifests": {
                "public": {
                    "gid": "5676539294652549514",
                    "size": "138",
                    "download": "160"
                }
            },
            "decryptionkey": "1721fcefd622e29779c2aaf9b3c0b7fbad0d149f94d00e611b8185720bd65afb"
        },
        "2615191": {
            "dlcappid": "2615190",
            "config": {
                "oslist": "windows"
            },
            "manifests": {
                "public": {
                    "gid": "6210878443663598552",
                    "size": "49735596508",
                    "download": "47673689568"
                }
            },
            "decryptionkey": "881b5265b81aaa6e34ba005510561510c74dca7c4ddf56e688110dc4708702f7"
        },
        "3168021": {
            "dlcappid": "3168020",
            "config": {
                "oslist": "windows"
            },
            "manifests": {
                "public": {
                    "gid": "9095445288428088123",
                    "size": "15143527296",
                    "download": "14394113632"
                }
            },
            "decryptionkey": "30cb9e85c44a2e1796c48b863ad72b03f0c8c8944fc32e93af78420d958df89e"
        },
        "3233541": {
            "dlcappid": "3233540",
            "config": {
                "oslist": "windows"
            },
            "manifests": {
                "public": {
                    "gid": "9120506324946519517",
                    "size": "8317852504",
                    "download": "7621655072"
                }
            },
            "decryptionkey": "202206a238ab830b8c5dc5506ae41300989cd12ceadff8bb3c6d554bf3feb56b"
        },
        "branches": {
            "public": {
                "buildid": "17269558",
                "timeupdated": "1738861703"
            }
        },
        "privatebranches": "1"
    }
}